<?xml version="1.0" encoding="UTF-8"?>
<project-private xmlns="http://www.netbeans.org/ns/project-private/1">
    <editor-bookmarks xmlns="http://www.netbeans.org/ns/editor-bookmarks/2" lastBookmarkId="0"/>
    <open-files xmlns="http://www.netbeans.org/ns/projectui-open-files/2">
        <group>
            <file>file:/C:/Users/HP/Documents/NetBeansProjects/PalindromeCheckerWebApp/src/java/testing/palindrome/TestPalindromServlet.java</file>
            <file>file:/C:/Users/HP/Documents/NetBeansProjects/PalindromeCheckerWebApp/web/display_value.jsp</file>
            <file>file:/C:/Users/HP/Documents/NetBeansProjects/PalindromeCheckerWebApp/web/check_value.html</file>
            <file>file:/C:/Users/HP/Documents/NetBeansProjects/PalindromeCheckerWebApp/src/java/testing/method/CheckPalindromeValue.java</file>
            <file>file:/C:/Users/HP/Documents/NetBeansProjects/PalindromeCheckerWebApp/web/index.html</file>
        </group>
    </open-files>
</project-private>
