<?xml version="1.0" encoding="UTF-8"?>
<project-private xmlns="http://www.netbeans.org/ns/project-private/1">
    <editor-bookmarks xmlns="http://www.netbeans.org/ns/editor-bookmarks/2" lastBookmarkId="0"/>
    <open-files xmlns="http://www.netbeans.org/ns/projectui-open-files/2">
        <group>
            <file>file:/C:/Users/HP/Documents/NetBeansProjects/AccountHolderWebApp/web/menu.jsp</file>
            <file>file:/C:/Users/HP/Documents/NetBeansProjects/AccountHolderWebApp/web/add_account_holder.jsp</file>
            <file>file:/C:/Users/HP/Documents/NetBeansProjects/AccountHolderWebApp/src/java/za/ac/tut/web/GetListServlet.java</file>
            <file>file:/C:/Users/HP/Documents/NetBeansProjects/AccountHolderWebApp/web/add_account_holder_outcome.jsp</file>
            <file>file:/C:/Users/HP/Documents/NetBeansProjects/AccountHolderWebApp/web/WEB-INF/web.xml</file>
            <file>file:/C:/Users/HP/Documents/NetBeansProjects/AccountHolderWebApp/src/java/za/ac/tut/web/AddAccountHolderServlet.java</file>
            <file>file:/C:/Users/HP/Documents/NetBeansProjects/AccountHolderWebApp/src/java/za/ac/tut/web/RemoveAccountHolderServlet.java</file>
            <file>file:/C:/Users/HP/Documents/NetBeansProjects/AccountHolderWebApp/src/java/za/ac/tut/web/SearchAccountHolderServlet.java</file>
            <file>file:/C:/Users/HP/Documents/NetBeansProjects/AccountHolderWebApp/web/remove_acount_holder.jsp</file>
            <file>file:/C:/Users/HP/Documents/NetBeansProjects/AccountHolderWebApp/web/index.html</file>
            <file>file:/C:/Users/HP/Documents/NetBeansProjects/AccountHolderWebApp/web/get_list_outcome.jsp</file>
            <file>file:/C:/Users/HP/Documents/NetBeansProjects/AccountHolderWebApp/web/get_acount_holder_list.jsp</file>
            <file>file:/C:/Users/HP/Documents/NetBeansProjects/AccountHolderWebApp/web/search_acount_holder.jsp</file>
            <file>file:/C:/Users/HP/Documents/NetBeansProjects/AccountHolderWebApp/web/remove_outcome.jsp</file>
            <file>file:/C:/Users/HP/Documents/NetBeansProjects/AccountHolderWebApp/web/search_account_holder_outcome.jsp</file>
        </group>
    </open-files>
</project-private>
